"","ss_nospace","bgc","edatope"
"1","ICHmw3/07","ICHmw3","07"
"2","ESSFwk2/00","ESSFwk2","00"
"3","ICHmm/05","ICHmm","05"
"4","MSxv/04","MSxv","04"
"5","MSxv/01","MSxv","01"
"6","ESSFwv/01","ESSFwv","01"
"7","ESSFwv/05","ESSFwv","05"
"8","IDFxm/08","IDFxm","08"
"9","IDFxm/09","IDFxm","09"
"10","SBSmh/05","SBSmh","05"
"11","SBSmh/01","SBSmh","01"
"12","SBSmh/07","SBSmh","07"
"13","SBSmh/04","SBSmh","04"
"14","SBSmc1/06","SBSmc1","06"
"15","SBSmc1/08","SBSmc1","08"
"16","SBSmc1/05","SBSmc1","05"
"17","SBSmc1/01","SBSmc1","01"
"18","SBSdw3/88","SBSdw3","88"
"19","ICHdk/02","ICHdk","02"
"20","ICHdk/01","ICHdk","01"
"21","ICHdk/05","ICHdk","05"
"22","ICHdk/08","ICHdk","08"
"23","ICHdk/06","ICHdk","06"
"24","SBSmc2/05","SBSmc2","05"
"25","SBSmc1/04","SBSmc1","04"
"26","SBSmc2/01","SBSmc2","01"
"27","SBSmc2/11","SBSmc2","11"
"28","SBSmc2/08","SBSmc2","08"
"29","ICHdk/03","ICHdk","03"
"30","ICHdk/04","ICHdk","04"
"31","MSxv/04-S","MSxv","04-S"
"32","ESSFmv3/01","ESSFmv3","01"
"33","SBPSxc/04","SBPSxc","04"
"34","SBPSxc/01","SBPSxc","01"
"35","SBPSdc/06","SBPSdc","06"
"36","SBPSdc/01","SBPSdc","01"
"37","SBPSxc/06","SBPSxc","06"
"38","SBPSxc/05","SBPSxc","05"
"39","MSxv/02","MSxv","02"
"40","MSxv/07","MSxv","07"
"41","SBPSxc/07","SBPSxc","07"
"42","SBPSdc/05","SBPSdc","05"
"43","SBPSdc/07","SBPSdc","07"
"44","IDFdk4/09","IDFdk4","09"
"45","MSxv/06","MSxv","06"
"46","SBPSdc/08","SBPSdc","08"
"47","IDFdk4/08","IDFdk4","08"
"48","ESSFmv3/04","ESSFmv3","04"
"49","ESSFmv3/02","ESSFmv3","02"
"50","ESSFmv3/07","ESSFmv3","07"
"51","SBSwk3/02","SBSwk3","02"
"52","ESSFmv1/03","ESSFmv1","03"
"53","ESSFmv1/01","ESSFmv1","01"
"54","ESSFmv1/04","ESSFmv1","04"
"55","ESSFmv3/06","ESSFmv3","06"
"56","SBSmk2/05","SBSmk2","05"
"57","SBSmk2/01","SBSmk2","01"
"58","ESSFmv3/05","ESSFmv3","05"
"59","ESSFmv4/01","ESSFmv4","01"
"60","SBSmk2/06","SBSmk2","06"
"61","SBSmk2/03","SBSmk2","03"
"62","ESSFmv2/01","ESSFmv2","01"
"63","SBSwk2/04","SBSwk2","04"
"64","ESSFmv2/04","ESSFmv2","04"
"65","MSxv/05","MSxv","05"
"66","ESSFmv4/04","ESSFmv4","04"
"67","ESSFmv4/03","ESSFmv4","03"
"68","ESSFmv2/02","ESSFmv2","02"
"69","SBSwk3/05","SBSwk3","05"
"70","SBSwk3/01","SBSwk3","01"
"71","SBSwk3/06","SBSwk3","06"
"72","SBSwk3/03","SBSwk3","03"
"73","MSxv/08","MSxv","08"
"74","SBSwk2/01","SBSwk2","01"
"75","SBSwk2/05","SBSwk2","05"
"76","SBSwk2/03","SBSwk2","03"
"77","SBSmk2/04","SBSmk2","04"
"78","SBSmc3/04","SBSmc3","04"
"79","SBSmc3/02","SBSmc3","02"
"80","SBSmc3/07","SBSmc3","07"
"81","SBSmc3/05","SBSmc3","05"
"82","SBSmc3/01","SBSmc3","01"
"83","SBSmc3/08","SBSmc3","08"
"84","SBSdw2/06","SBSdw2","06"
"85","SBSdw2/08","SBSdw2","08"
"86","SBSmc2/07","SBSmc2","07"
"87","SBSdw3/08","SBSdw3","08"
"88","SBSwk2/06","SBSwk2","06"
"89","SBSmc3/06","SBSmc3","06"
"90","SBSdw2/11","SBSdw2","11"
"91","SBSdw2/10","SBSdw2","10"
"92","SBSdw2/01","SBSdw2","01"
"93","ICHvc1/03","ICHvc1","03"
"94","ICHvc1/011","ICHvc1","011"
"95","ICHvc1/022","ICHvc1","022"
"96","ICHvc1/021","ICHvc1","021"
"97","ICHvc1/012","ICHvc1","012"
"98","ICHvc1/06","ICHvc1","06"
"99","ESSFmc/08","ESSFmc","08"
"100","ESSFwv/09","ESSFwv","09"
"101","ESSFmc/10","ESSFmc","10"
"102","ESSFmc/04","ESSFmc","04"
"103","ESSFwv/06","ESSFwv","06"
"104","ESSFmc/06","ESSFmc","06"
"105","ESSFmk/06","ESSFmk","06"
"106","ESSFmc/03","ESSFmc","03"
"107","ESSFmc/05","ESSFmc","05"
"108","ESSFmc/01","ESSFmc","01"
"109","SBSdw3/01","SBSdw3","01"
"110","SBSdw3/06","SBSdw3","06"
"111","SBSdw2/05","SBSdw2","05"
"112","SBPSmk/01","SBPSmk","01"
"113","SBPSmk/06","SBPSmk","06"
"114","SBSdw2/09","SBSdw2","09"
"115","SBSdw2/07","SBSdw2","07"
"116","SBSdw3/05","SBSdw3","05"
"117","SBSdw3/07","SBSdw3","07"
"118","SBSwk1/06","SBSwk1","06"
"119","SBSdw3/04","SBSdw3","04"
"120","SBSmk1/07","SBSmk1","07"
"121","SBSmk1/01","SBSmk1","01"
"122","SBSwk1/01","SBSwk1","01"
"123","SBSmk1/04","SBSmk1","04"
"124","SBSvk/04","SBSvk","04"
"125","SBSwk1/09","SBSwk1","09"
"126","SBSvk/01","SBSvk","01"
"127","SBSwk1/03","SBSwk1","03"
"128","SBSvk/06","SBSvk","06"
"129","SBSvk/03","SBSvk","03"
"130","SBSvk/05","SBSvk","05"
"131","SBSwk1/08","SBSwk1","08"
"132","SBSwk1/10","SBSwk1","10"
"133","SBSwk1/05","SBSwk1","05"
"134","SBSdw1/07","SBSdw1","07"
"135","SBSdw1/01","SBSdw1","01"
"136","ICHwk4/04","ICHwk4","04"
"137","SBSdw1/05","SBSdw1","05"
"138","SBSdw1/09","SBSdw1","09"
"139","SBSdw1/08","SBSdw1","08"
"140","SBSdw1/04","SBSdw1","04"
"141","SBPSmk/07","SBPSmk","07"
"142","IDFdk3/04","IDFdk3","04"
"143","SBPSmk/04","SBPSmk","04"
"144","SBSmw/01","SBSmw","01"
"145","SBSmw/03","SBSmw","03"
"146","SBSmh/06","SBSmh","06"
"147","SBSmw/08","SBSmw","08"
"148","ESSFwc2/01","ESSFwc2","01"
"149","ICHmw3/08","ICHmw3","08"
"150","ICHmw3/01","ICHmw3","01"
"151","SBSwk1/07","SBSwk1","07"
"152","IDFxw/08","IDFxw","08"
"153","ESSFwk1/01","ESSFwk1","01"
"154","SBSwk1/11","SBSwk1","11"
"155","SBSmw/07","SBSmw","07"
"156","SBSmw/06","SBSmw","06"
"157","SBSmw/02","SBSmw","02"
"158","SBSmw/09","SBSmw","09"
"159","ESSFwc2/00","ESSFwc2","00"
"160","ICHmw3/04","ICHmw3","04"
"161","ESSFwc2/02","ESSFwc2","02"
"162","SBSmm/07","SBSmm","07"
"163","SBSmm/01","SBSmm","01"
"164","ICHmw3/05","ICHmw3","05"
"165","SBSmm/06","SBSmm","06"
"166","IDFdk3/08","IDFdk3","08"
"167","IDFdk3/07","IDFdk3","07"
"168","ICHwk2/04","ICHwk2","04"
"169","ICHwk2/01","ICHwk2","01"
"170","ICHwk2/08","ICHwk2","08"
"171","ICHwk2/07","ICHwk2","07"
"172","IDFdk3/09","IDFdk3","09"
"173","ICHwk4/01","ICHwk4","01"
"174","ICHwk4/08","ICHwk4","08"
"175","ICHwk4/05","ICHwk4","05"
"176","ICHwk4/07","ICHwk4","07"
"177","SBPSmc/01","SBPSmc","01"
"178","SBSdk/01","SBSdk","01"
"179","SBSdk/06","SBSdk","06"
"180","SBPSmc/03","SBPSmc","03"
"181","SBSmc2/09","SBSmc2","09"
"182","SBSdk/09","SBSdk","09"
"183","SBSdk/08","SBSdk","08"
"184","SBSmc2/06","SBSmc2","06"
"185","SBPSmc/04","SBPSmc","04"
"186","SBSmc2/03","SBSmc2","03"
"187","ESSFwv/03","ESSFwv","03"
"188","SBSvk/07","SBSvk","07"
"189","ICHwk3/05","ICHwk3","05"
"190","ICHvk2/06","ICHvk2","06"
"191","ICHvk2/01","ICHvk2","01"
"192","ICHvk2/04","ICHvk2","04"
"193","ICHwk3/01","ICHwk3","01"
"194","ICHwk3/03","ICHwk3","03"
"195","ICHvk2/03","ICHvk2","03"
"196","SBSdh1/01","SBSdh1","01"
"197","ICHmm/01","ICHmm","01"
"198","SBSmk1/08","SBSmk1","08"
"199","SBSmk1/09","SBSmk1","09"
"200","SBSwk1/02","SBSwk1","02"
"201","SBSmk1/06","SBSmk1","06"
"202","SBSmk1/05","SBSmk1","05"
"203","SBSmk1/02","SBSmk1","02"
"204","SBSvk/02","SBSvk","02"
"205","SBSmk1/03","SBSmk1","03"
"206","ICHmc2/01","ICHmc2","01"
"207","SBPSmc/05","SBPSmc","05"
"208","SBPSmc/06","SBPSmc","06"
"209","SBSmc2/10","SBSmc2","10"
"210","ICHvc2/01","ICHvc2","01"
"211","ICHmc2/09","ICHmc2","09"
"212","SBSmc2/02","SBSmc2","02"
"213","SBSdh1/04","SBSdh1","04"
"214","ICHmm/03","ICHmm","03"
"215","ICHmm/04","ICHmm","04"
"216","SBSdh1/06","SBSdh1","06"
"217","ICHwk3/07","ICHwk3","07"
"218","ICHwk3/06","ICHwk3","06"
"219","ESSFmm1/01","ESSFmm1","01"
"220","ESSFmm1/00","ESSFmm1","00"
"221","ESSFmm1/06","ESSFmm1","06"
"222","ESSFmm1/05","ESSFmm1","05"
"223","SBSdh1/09","SBSdh1","09"
"224","ESSFmm1/04","ESSFmm1","04"
"225","SBPSmc/02","SBPSmc","02"
